orf.name	ORF.type	score.(Agg)	score.(iPSC)	score.(MB1)	score.(Gaertner)	coverage.(Agg)	coverage.(iPSC)	coverage.(MB1)	coverage.(Gaertner)	start.(Agg)	start.(iPSC)	start.(MB1)	start.(Gaertner)	end.(Agg)	end.(iPSC)	end.(MB1)	end.(Gaertner)	comment	match.to.riboseq.call	chrom	chromStart	chromEnd	orf.name	score	strand	thickStart	thickEnd	itemRgb	blockCount	blockSizes	blockStarts
truthset0001	PE1	3	3	2	2	3	2	1	2	3	3	3	3	3	3	2	3	NA	match	chr4	119298778	119300535	truthset0001	0	-	119298778	119300535	0,0,0	2	1,200,	0,1557,
truthset0002	PE1	2	2	0	1	2	2	0	1	1	1	0	0	3	3	0	3	NA	match	chr4	164877331	164879008	truthset0002	0	+	164877331	164879008	0,0,0	2	76,89,	0,1588,
truthset0003	PE1	1	0	0	0	2	1	1	0	1	1	0	0	1	1	1	1	NA	match	chr1	211391639	211426222	truthset0003	0	+	211391639	211426222	0,0,0	4	58,150,65,12,	0,187,5127,34571,
truthset0004	PE1	2	2	1	2	3	2	1	2	2	2	1	3	2	2	2	2	NA	match	chr12	103951522	103956738	truthset0004	0	-	103951522	103956738	0,0,0	2	108,108,	0,5108,
truthset0005	PE1	3	0	0	1	3	0	0	1	3	0	0	1	2	0	1	1	NA	match	chr16	4795734	4796231	truthset0005	0	+	4795734	4796231	0,0,0	3	124,86,42,	0,213,455,
truthset0006	PE1	3	0	0	0	3	1	1	1	3	0	1	0	3	0	0	0	NA	match	chr19	35140079	35142742	truthset0006	0	+	35140079	35142742	0,0,0	6	61,33,75,37,50,23,	0,517,1052,1456,2392,2640,
truthset0007	PE1	3	0	0	3	3	0	0	2	3	0	0	2	2	0	0	2	NA	match	chr11	117820671	117824678	truthset0007	0	-	117820671	117824678	0,0,0	5	25,37,75,39,25,	0,187,1734,2007,3982,
truthset0008	PE1	3	0	1	2	3	0	1	2	1	0	1	1	3	0	0	2	NA	match	chr19	35119376	35123457	truthset0008	0	+	35119376	35123457	0,0,0	6	40,33,24,190,38,17,	0,1701,1845,3388,3894,4064,
truthset0009	PE1	3	3	0	2	3	2	1	2	3	3	2	1	3	3	2	2	NA	match	chr11	117839801	117842776	truthset0009	0	-	117839801	117842776	0,0,0	6	29,50,37,75,39,58,	0,517,1346,1989,2188,2917,
truthset0010	uORF (PE1)	2	2	1	2	2	2	1	2	0	0	0	0	3	3	0	3	NA	variant	chr8	28502714	28502867	truthset0010	0	+	28502714	28502867	0,0,0	1	153,	0,
truthset0011	PE1	3	3	2	3	2	2	1	2	3	3	3	2	2	3	2	3	NA	match	chr3	196942716	196943016	truthset0011	0	+	196942716	196943016	0,0,0	1	300,	0,
truthset0012	PE1	3	3	2	3	2	2	1	2	3	3	2	3	2	2	1	2	NA	match	chr15	55317627	55317792	truthset0012	0	-	55317627	55317792	0,0,0	1	165,	0,
truthset0013	PE1	1	1	0	0	1	1	0	0	2	2	0	0	2	1	0	0	NA	match	chr6	44217471	44217726	truthset0013	0	+	44217471	44217726	0,0,0	1	255,	0,
truthset0014	PE1	1	0	0	1	2	0	0	1	0	0	0	0	2	0	0	2	NA	match	chr17	1712369	1713846	truthset0014	0	-	1712369	1713846	0,0,0	2	30,144,	0,1333,
truthset0015	PE1	2	0	0	1	2	0	0	1	0	0	0	0	1	0	0	1	NA	variant	chr17	1713585	1713846	truthset0015	0	-	1713585	1713846	0,0,0	1	261,	0,
truthset0016	PE1	3	3	1	2	3	2	1	2	3	3	1	1	2	2	3	2	NA	match	chr20	35277713	35277929	truthset0016	0	-	35277713	35277929	0,0,0	1	216,	0,
truthset0017	PE1	3	0	0	3	3	0	0	3	3	0	0	1	2	0	0	2	NA	match	chr15	45430796	45433016	truthset0017	0	+	45430796	45433016	0,0,0	4	36,86,61,69,	0,204,1275,2151,
truthset0018	PE1	3	2	1	2	3	2	1	2	0	0	0	1	2	1	1	2	NA	match	chr7	135167771	135168922	truthset0018	0	-	135167771	135168922	0,0,0	2	36,174,	0,977,
truthset0019	PE1	3	3	3	3	3	2	3	3	3	2	3	3	3	2	3	2	NA	match	chr2	110212354	110212525	truthset0019	0	-	110212354	110212525	0,0,0	1	171,	0,
truthset0020	PE1	2	3	3	3	3	3	2	2	2	3	2	1	3	2	3	2	NA	match	chrX	56729353	56729560	truthset0020	0	+	56729353	56729560	0,0,0	1	207,	0,
truthset0021	PE1	2	0	0	3	2	1	1	2	3	0	3	2	1	1	1	2	NA	match	chr5	10353329	10353464	truthset0021	0	-	10353329	10353464	0,0,0	1	135,	0,
truthset0023	PE1	3	0	0	2	3	0	0	1	3	0	0	0	2	2	0	2	NA	match	chr6	118558921	118559080	truthset0023	0	+	118558921	118559080	0,0,0	1	159,	0,
truthset0024	PE1	1	0	0	1	2	0	0	1	2	0	0	1	3	0	0	2	NA	good signal no call	chr11	107707834	107707930	truthset0024	0	-	107707834	107707930	0,0,0	1	96,	0,
truthset0025	PE1	3	3	1	2	3	2	2	2	1	2	0	2	3	2	3	3	NA	match	chr7	113117398	113117578	truthset0025	0	-	113117398	113117578	0,0,0	1	180,	0,
truthset0026	PE1	3	0	0	3	2	0	0	2	1	0	0	1	2	0	0	2	NA	match	chr17	75647376	75647565	truthset0026	0	+	75647376	75647565	0,0,0	1	189,	0,
truthset0027	uORF (PE1)	0	0	0	0	2	1	1	2	1	1	0	1	1	1	0	2	NA	match	chr1	27558733	27558883	truthset0027	0	-	27558733	27558883	0,0,0	1	150,	0,
truthset0028	uORF (PE1)	3	3	1	2	3	1	1	2	1	1	3	3	3	2	2	2	NA	match	chr12	57517711	57520480	truthset0028	0	-	57517711	57520480	0,0,0	2	42,63,	0,2706,
truthset0029	uORF (PE1)	3	3	3	3	3	2	2	2	3	3	3	3	3	3	3	3	NA	match	chr7	112450486	112450645	truthset0029	0	+	112450486	112450645	0,0,0	1	159,	0,
truthset0030	uORF (PE1)	1	0	1	0	2	0	1	1	1	0	1	1	0	0	0	0	NA	match	chr3	152299842	152299980	truthset0030	0	+	152299842	152299980	0,0,0	1	138,	0,
truthset0031	uORF (PE1)	3	3	3	2	3	2	3	2	2	2	3	3	2	2	2	2	NA	match	chr6	63572680	63576531	truthset0031	0	+	63572680	63576531	0,0,0	2	39,96,	0,3755,
truthset0032	uORF (PE1)	3	2	1	3	3	3	2	3	3	3	2	3	1	1	1	1	NA	match	chr6	21593844	21594057	truthset0032	0	+	21593844	21594057	0,0,0	1	213,	0,
truthset0033	uORF (PE1)	0	0	0	0	2	1	0	1	1	2	0	0	0	0	0	0	NA	match	chr2	121605925	121606051	truthset0033	0	-	121605925	121606051	0,0,0	1	126,	0,
truthset0034	uORF (PE1)	1	0	0	0	2	0	0	0	0	0	0	0	1	0	0	0	NA	variant	chr2	172084833	172085455	truthset0034	0	+	172084833	172085455	0,0,0	2	48,144,	0,478,
truthset0035	uORF (PE1)	0	0	0	1	1	1	0	2	0	0	0	0	1	1	0	2	NA	match	chr3	120094030	120094189	truthset0035	0	-	120094030	120094189	0,0,0	1	159,	0,
truthset0036	uORF (PE1)	1	0	0	1	2	0	0	2	1	0	0	2	0	0	0	1	NA	match	chr15	37100378	37100483	truthset0036	0	-	37100378	37100483	0,0,0	1	105,	0,
truthset0037	uORF (PE1)	2	2	1	2	2	1	1	2	2	2	1	2	1	1	1	1	NA	match	chr22	39504230	39504443	truthset0037	0	+	39504230	39504443	0,0,0	1	213,	0,
truthset0038	uORF (PE1)	2	0	0	0	2	1	1	1	1	0	0	1	1	0	0	0	NA	good signal no call	chr17	8435863	8436049	truthset0038	0	+	8435863	8436049	0,0,0	1	186,	0,
truthset0039	uORF (PE1)	0	0	0	0	1	0	0	1	1	0	0	2	1	0	0	0	NA	match	chr5	68226483	68226618	truthset0039	0	+	68226483	68226618	0,0,0	1	135,	0,
truthset0040	uORF (PE1)	1	0	0	0	2	2	1	1	2	0	1	0	0	0	0	0	NA	match	chr17	39980850	39980952	truthset0040	0	+	39980850	39980952	0,0,0	1	102,	0,
truthset0041	uORF (PE1)	2	2	0	0	2	2	1	0	2	3	0	0	3	2	2	0	NA	match	chr16	30610210	30610351	truthset0041	0	-	30610210	30610351	0,0,0	1	141,	0,
truthset0042	uORF (PE1)	2	0	0	0	2	1	1	1	0	0	0	0	2	1	0	0	NA	variant	chr1	173868988	173870205	truthset0042	0	+	173868988	173870205	0,0,0	2	132,6,	0,1211,
truthset0043	PE1	3	3	3	3	3	2	2	2	3	3	3	2	3	2	3	2	NA	match	chr1	156054889	156058371	truthset0043	0	+	156054889	156058371	0,0,0	4	68,163,90,57,	0,373,3088,3425,
truthset0045	PE1	3	3	3	3	3	2	2	2	3	3	3	3	3	3	3	2	NA	match	chr7	139341384	139345704	truthset0045	0	+	139341384	139345704	0,0,0	2	138,204,	0,4116,
truthset0047	PE1	3	3	3	3	3	2	2	2	2	2	3	1	2	2	3	2	NA	match	chr6	24667263	24701615	truthset0047	0	+	24667263	24701615	0,0,0	3	81,185,157,	0,30619,34195,
truthset0048	PE1	3	0	2	0	3	0	3	1	3	0	0	0	2	0	2	0	NA	match	chr10	86968544	86970582	truthset0048	0	+	86968544	86970582	0,0,0	3	61,63,107,	0,1655,1931,
truthset0049	PE1	2	2	0	1	2	2	0	1	1	0	0	0	3	2	0	1	NA	good signal no call	chr22	50481847	50482903	truthset0049	0	+	50481847	50482903	0,0,0	2	110,337,	0,719,
truthset0053	PE1	2	2	2	2	3	2	2	2	2	2	2	2	2	3	3	2	NA	match	chr17	81894477	81900065	truthset0053	0	+	81894477	81900065	0,0,0	2	109,146,	0,5442,
truthset0054	PE1	3	3	3	3	3	2	3	2	3	3	3	2	2	2	2	2	NA	match	chr3	134478589	134482904	truthset0054	0	-	134478589	134482904	0,0,0	2	126,99,	0,4216,
truthset0055	PE1	2	2	3	2	2	2	2	2	3	3	2	0	3	2	2	2	likely truthset0055 is correct, truthset0056 is incorrect	match	chr11	72109880	72111276	truthset0055	0	-	72109880	72111276	0,0,0	4	60,138,60,120,	0,207,663,1276,
truthset0056	PE1	2	2	3	2	2	2	2	2	3	3	2	0	3	2	2	2	likely truthset0055 is correct, truthset0056 is incorrect	match	chr11	72109880	72111276	truthset0056	0	-	72109880	72111276	0,0,0	4	48,138,60,120,	0,207,663,1276,
truthset0057	PE1	3	2	3	2	3	2	3	2	3	2	3	2	3	2	3	2	NA	match	chr10	72223914	72233116	truthset0057	0	+	72223914	72233116	0,0,0	3	142,75,116,	0,6451,9086,
truthset0058	PE1	3	3	3	2	3	2	1	2	2	2	2	2	2	2	2	2	NA	match	chr14	20693564	20694008	truthset0058	0	+	20693564	20694008	0,0,0	1	444,	0,
truthset0059	PE1	1	1	0	1	2	2	0	2	1	1	0	0	3	3	0	2	NA	match	chr4	164877331	164879008	truthset0059	0	+	164877331	164879008	0,0,0	2	76,89,	0,1588,
truthset0060	PE1	3	0	0	3	3	0	0	3	3	0	0	2	2	0	0	2	NA	match	chr1	161222404	161223401	truthset0060	0	-	161222404	161223401	0,0,0	3	118,133,52,	0,513,945,
truthset0061	PE1	3	3	3	3	3	2	1	2	2	3	3	2	3	2	3	2	NA	match	chr19	44914891	44919230	truthset0061	0	+	44914891	44919230	0,0,0	3	58,136,58,	0,1298,4281,
truthset0062	PE1	3	0	0	3	3	0	0	2	3	0	0	2	2	0	0	2	NA	match	chr19	44948478	44949249	truthset0062	0	+	44948478	44949249	0,0,0	3	55,160,91,	0,222,680,
truthset0063	PE1	3	0	0	3	3	0	0	3	3	0	0	3	2	0	0	2	NA	match	chr11	116830582	116832884	truthset0063	0	+	116830582	116832884	0,0,0	3	55,124,121,	0,190,2181,
truthset0064	PE1	3	0	0	0	3	0	0	0	2	0	0	0	3	0	0	0	NA	match	chr19	44942277	44945305	truthset0064	0	+	44942277	44945305	0,0,0	3	76,142,166,	0,2471,2862,
truthset0068	PE1	3	3	3	3	3	3	3	3	3	3	3	3	2	2	3	2	NA	match	chr11	118401665	118409098	truthset0068	0	+	118401665	118409098	0,0,0	3	52,161,99,	0,5271,7334,
truthset0069	PE1	3	3	3	3	3	3	3	3	3	3	3	3	3	2	2	2	NA	match	chr10	103392193	103392457	truthset0069	0	-	103392193	103392457	0,0,0	2	90,87,	0,177,
truthset0070	PE1	3	3	3	3	3	2	3	2	2	2	3	2	3	3	3	2	NA	match	chr7	128862904	128865578	truthset0070	0	+	128862904	128865578	0,0,0	3	158,84,202,	0,2215,2472,
truthset0071	PE1	2	3	3	1	3	3	3	3	2	3	3	0	3	2	3	2	NA	match	chr12	74538112	74538406	truthset0071	0	+	74538112	74538406	0,0,0	1	294,	0,
truthset0072	PE1	3	3	3	3	3	3	3	3	3	3	3	3	3	3	3	2	NA	match	chr11	66003250	66003772	truthset0072	0	+	66003250	66003772	0,0,0	2	123,147,	0,375,
truthset0073	PE1	1	0	0	0	2	0	0	0	2	0	0	0	1	0	0	0	NA	variant	chr14	75522682	75546671	truthset0073	0	+	75522682	75546671	0,0,0	3	63,105,210,	0,2401,23779,
truthset0074	PE1	3	3	3	3	3	2	3	2	3	3	1	2	3	2	3	3	NA	match	chr9	128160407	128163615	truthset0074	0	+	128160407	128163615	0,0,0	2	79,173,	0,3035,
truthset0075	PE1	2	3	1	2	3	2	1	3	3	3	1	2	2	2	3	2	NA	match	chrX	103062896	103063274	truthset0075	0	-	103062896	103063274	0,0,0	1	378,	0,
truthset0076	PE1	3	3	2	2	3	2	2	3	3	3	1	2	3	2	3	2	NA	match	chrX	103309589	103309976	truthset0076	0	-	103309589	103309976	0,0,0	1	387,	0,
truthset0077	PE1	1	2	2	2	3	3	3	3	2	3	1	2	2	2	3	2	NA	match	chrX	103377491	103377827	truthset0077	0	+	103377491	103377827	0,0,0	1	336,	0,
truthset0078	PE1	2	2	3	2	3	3	3	3	3	3	3	2	2	2	3	2	NA	match	chrX	103377521	103377827	truthset0078	0	+	103377521	103377827	0,0,0	1	306,	0,
truthset0079	PE1	2	3	0	3	3	2	0	2	3	3	0	2	3	2	0	2	NA	match	chrX	103216153	103216516	truthset0079	0	+	103216153	103216516	0,0,0	1	363,	0,
truthset0080	PE1	2	3	0	2	2	2	0	2	2	3	0	2	3	2	0	2	NA	match	chrX	102153929	102154265	truthset0080	0	-	102153929	102154265	0,0,0	1	336,	0,
truthset0081	PE1	3	2	2	2	3	2	1	2	3	2	2	1	3	3	2	2	NA	match	chr20	37518910	37519174	truthset0081	0	-	37518910	37519174	0,0,0	1	264,	0,
truthset0082	PE1	2	0	1	2	2	0	1	2	2	1	0	1	3	2	3	2	NA	match	chr1	149900059	149900473	truthset0082	0	+	149900059	149900473	0,0,0	1	414,	0,
truthset0084	PE1	2	2	1	1	3	3	3	2	2	3	1	2	3	3	1	2	NA	match	chr12	6944121	6945922	truthset0084	0	+	6944121	6945922	0,0,0	3	52,177,152,	0,354,1649,
truthset0085	PE1	3	3	3	3	3	3	2	2	3	2	3	2	3	3	3	2	NA	match	chr19	13774477	13778198	truthset0085	0	+	13774477	13778198	0,0,0	3	97,56,147,	0,174,3574,
truthset0086	PE1	3	3	3	3	2	2	2	2	3	3	3	3	2	2	3	2	NA	match	chr2	68042888	68047310	truthset0086	0	-	68042888	68047310	0,0,0	4	165,56,67,138,	0,3099,3455,4284,
truthset0087	PE1	3	3	3	3	3	2	2	2	3	3	3	3	2	3	3	2	NA	match	chr4	158669612	158671801	truthset0087	0	-	158669612	158671801	0,0,0	2	156,186,	0,2003,
truthset0088	PE1	3	2	0	3	3	1	0	2	3	1	0	3	3	2	0	2	NA	match	chr11	15074718	15077445	truthset0088	0	+	15074718	15077445	0,0,0	3	86,138,160,	0,342,2567,
truthset0089	PE1	2	0	0	0	2	0	0	0	1	0	0	0	2	0	0	0	NA	good signal no call	chr10	5525085	5525535	truthset0089	0	+	5525085	5525535	0,0,0	1	450,	0,
truthset0090	PE1	3	0	0	0	3	0	0	0	3	0	0	0	2	0	0	0	NA	match	chr10	5498997	5499438	truthset0090	0	-	5498997	5499438	0,0,0	1	441,	0,
truthset0092	PE1	2	0	0	1	2	0	0	1	2	0	0	1	2	0	0	2	NA	match	chr5	71719293	71720615	truthset0092	0	+	71719293	71720615	0,0,0	3	159,84,108,	0,586,1214,
truthset0093	PE1	3	0	0	0	2	0	0	0	3	0	0	0	2	0	0	0	NA	match	chr17	35983800	35986649	truthset0093	0	-	35983800	35986649	0,0,0	3	88,115,79,	0,537,2770,
truthset0094	PE1	1	0	0	0	1	0	0	0	0	0	0	0	2	0	0	0	NA	low signal no call	chr16	57413932	57415861	truthset0094	0	+	57413932	57415861	0,0,0	3	70,118,97,	0,1148,1832,
truthset0095	PE1	3	0	3	0	2	0	2	0	3	0	3	0	2	0	2	0	NA	match	chr16	57358816	57363588	truthset0095	0	+	57358816	57363588	0,0,0	3	73,124,85,	0,1620,4687,
truthset0096	PE1	2	2	1	2	2	1	1	2	2	0	0	0	3	2	3	3	NA	match	chr1	26318017	26320302	truthset0096	0	+	26318017	26320302	0,0,0	2	54,132,	0,2153,
truthset0098	PE1	3	3	1	1	2	2	1	1	3	3	0	0	3	2	3	1	NA	match	chr1	20589129	20618568	truthset0098	0	+	20589129	20618568	0,0,0	4	154,112,58,117,	0,15798,24712,29322,
truthset0099	PE1	2	2	2	2	3	2	2	2	1	1	1	1	2	2	2	2	NA	match	chr1	151054246	151055730	truthset0099	0	-	151054246	151055730	0,0,0	3	75,111,54,	0,769,1430,
truthset0100	PE1	3	2	2	2	3	2	1	2	3	2	3	1	3	3	3	3	NA	match	chr5	131359493	131391091	truthset0100	0	+	131359493	131391091	0,0,0	3	54,102,99,	0,26049,31499,
truthset0101	PE1	1	1	1	1	3	2	1	2	1	1	2	1	2	3	3	2	NA	match	chr12	123261735	123267253	truthset0101	0	-	123261735	123267253	0,0,0	3	68,127,69,	0,3460,5449,
truthset0102	PE1	3	1	1	2	3	2	1	2	3	2	2	1	2	3	3	2	NA	match	chr12	123261735	123271618	truthset0102	0	-	123261735	123271618	0,0,0	4	68,127,98,55,	0,3460,5449,9828,
truthset0103	PE1	3	3	1	2	3	2	1	2	3	3	0	0	2	2	2	2	NA	match	chr11	67506944	67508082	truthset0103	0	-	67506944	67508082	0,0,0	4	68,133,98,82,	0,420,647,1056,
truthset0104	PE1	2	0	3	0	3	0	1	1	1	0	2	0	3	0	1	1	NA	match	chr9	21971002	21994331	truthset0104	0	-	21971002	21994331	0,0,0	2	206,193,	0,23136,
truthset0105	PE1	3	3	3	2	3	2	2	2	3	3	2	2	2	2	2	2	NA	match	chr19	33379239	33379692	truthset0105	0	+	33379239	33379692	0,0,0	1	453,	0,
truthset0106	PE1	3	3	3	3	3	2	3	2	3	3	3	2	3	2	3	2	NA	match	chr2	37199704	37201724	truthset0106	0	+	37199704	37201724	0,0,0	3	115,45,83,	0,1343,1937,
truthset0107	PE1	2	0	0	1	2	0	0	1	2	1	0	0	2	1	0	2	NA	good signal no call	chr11	788126	788576	truthset0107	0	-	788126	788576	0,0,0	1	450,	0,
truthset0110	PE1	3	0	0	3	3	0	0	2	3	0	0	3	2	0	0	2	NA	variant	chr6	87085755	87088200	truthset0110	0	-	87085755	87088200	0,0,0	3	78,185,88,	0,494,2357,
truthset0111	PE1	3	3	3	3	3	2	2	2	3	3	1	2	3	3	3	2	NA	match	chr10	73782075	73783187	truthset0111	0	+	73782075	73783187	0,0,0	3	124,119,114,	0,247,998,
truthset0112	PE1	2	1	2	2	2	2	2	2	2	1	2	2	3	3	3	3	NA	match	chr8	140511499	140515247	truthset0112	0	+	140511499	140515247	0,0,0	3	147,127,122,	0,2869,3626,
truthset0114	PE1	2	3	3	2	2	2	2	2	2	3	1	3	3	2	2	2	NA	match	chr4	102869084	102887430	truthset0114	0	+	102869084	102887430	0,0,0	3	103,215,90,	0,16131,18256,
truthset0116	PE1	3	3	2	3	3	3	3	2	3	3	2	3	3	3	3	2	NA	match	chr1	154974745	154978777	truthset0116	0	+	154974745	154978777	0,0,0	3	59,128,53,	0,3241,3979,
truthset0117	PE1	3	3	2	2	3	3	3	2	3	3	2	2	2	2	2	2	NA	match	chr9	89311292	89316425	truthset0117	0	+	89311292	89316425	0,0,0	3	59,128,53,	0,3877,5080,
truthset0118	PE1	1	0	0	1	1	0	0	1	1	0	0	0	1	0	0	1	NA	variant	chr6	35776618	35779451	truthset0118	0	+	35776618	35779451	0,0,0	3	84,123,96,	0,840,2736,
truthset0120	PE1	2	1	0	1	2	1	1	1	1	0	0	0	3	2	2	2	NA	variant	chr19	42387152	42389037	truthset0120	0	-	42387152	42389037	0,0,0	3	90,137,112,	0,187,1773,
truthset0122	PE1	3	3	2	2	3	2	3	2	3	3	1	1	3	2	3	2	NA	match	chr11	73873114	73873378	truthset0122	0	-	73873114	73873378	0,0,0	1	264,	0,
truthset0124	PE1	3	3	3	2	2	2	2	2	3	3	3	2	3	3	2	2	NA	match	chr1	234374245	234383818	truthset0124	0	+	234374245	234383818	0,0,0	2	144,96,	0,9477,
truthset0125	PE1	3	3	3	3	2	2	2	2	3	3	3	2	3	3	2	2	NA	match	chr12	50120043	50120217	truthset0125	0	+	50120043	50120217	0,0,0	1	174,	0,
truthset0126	PE1	3	3	2	2	3	2	2	2	3	3	2	3	3	2	3	2	NA	match	chr1	244835714	244843176	truthset0126	0	+	244835714	244843176	0,0,0	4	42,115,64,136,	0,6229,6480,7326,
truthset0127	PE1	2	3	1	3	3	2	1	2	2	3	0	3	3	2	3	2	NA	match	chr15	74923656	74938014	truthset0127	0	-	74923656	74938014	0,0,0	4	114,122,117,100,	0,3109,5459,14258,
truthset0128	PE1	3	3	3	3	3	3	3	2	3	3	3	3	3	3	2	2	NA	match	chr2	97646086	97648108	truthset0128	0	+	97646086	97648108	0,0,0	4	103,74,100,113,	0,980,1257,1909,
truthset0129	PE1	3	3	3	3	3	3	3	3	3	2	3	2	3	2	3	2	NA	match	chr12	120438126	120440537	truthset0129	0	+	120438126	120440537	0,0,0	3	103,143,84,	0,252,2327,
truthset0130	PE1	3	3	3	3	3	3	3	2	2	2	3	2	3	2	3	2	NA	match	chr19	35651243	35658647	truthset0130	0	+	35651243	35658647	0,0,0	3	106,101,54,	0,3327,7350,
truthset0131	PE1	3	3	3	3	3	3	3	3	3	3	3	3	3	3	3	2	NA	match	chr8	99887504	99892021	truthset0131	0	-	99887504	99892021	0,0,0	2	114,114,	0,4403,
truthset0133	PE1	3	3	2	2	3	3	3	3	3	3	2	2	3	3	3	2	NA	match	chr5	86618055	86619469	truthset0133	0	+	86618055	86619469	0,0,0	2	75,117,	0,1297,
truthset0134	PE1	3	3	3	2	3	3	3	3	3	3	3	2	3	2	3	2	NA	match	chr11	63974680	63976320	truthset0134	0	+	63974680	63976320	0,0,0	2	114,96,	0,1544,
truthset0135	PE1	3	3	0	3	3	3	0	2	3	3	0	2	2	2	0	2	NA	match	chr15	78340428	78347977	truthset0135	0	+	78340428	78347977	0,0,0	4	70,179,114,51,	0,614,3070,7498,
truthset0136	PE1	3	2	2	2	3	1	2	2	3	1	1	1	3	2	2	2	NA	match	chr14	105487259	105488511	truthset0136	0	+	105487259	105488511	0,0,0	4	40,95,58,41,	0,906,1071,1211,
truthset0137	PE1	3	1	3	2	3	1	3	2	3	2	3	2	3	2	3	2	NA	variant	chr11	66012044	66013400	truthset0137	0	+	66012044	66013400	0,0,0	3	240,126,84,	0,781,1272,
truthset0138	PE1	2	0	0	0	2	0	0	0	1	0	0	0	2	0	0	0	NA	variant	chr20	24949505	24959712	truthset0138	0	+	24949505	24959712	0,0,0	4	70,173,117,78,	0,7781,9422,10129,
truthset0139	PE1	3	1	2	0	3	1	1	0	3	3	2	0	2	0	3	0	NA	match	chr3	122325292	122341567	truthset0139	0	+	122325292	122341567	0,0,0	3	66,102,129,	0,12254,16146,
truthset0142	PE1	3	0	0	2	2	1	0	0	3	0	0	0	2	0	0	2	NA	variant	chr2	158795372	158815821	truthset0142	0	+	158795372	158815821	0,0,0	4	58,88,61,117,	0,8909,11682,20332,
truthset0143	PE1	3	0	0	0	2	0	0	0	2	0	0	0	2	0	0	0	NA	match	chr20	257778	259306	truthset0143	0	+	257778	259306	0,0,0	2	58,230,	0,1298,
truthset0144	PE1	3	2	0	2	3	2	1	2	3	2	0	1	3	3	3	2	NA	match	chr13	43023626	43107248	truthset0144	0	+	43023626	43107248	0,0,0	6	108,52,74,77,71,71,	0,42059,45303,54985,62141,83551,
truthset0145	PE1	2	1	1	2	2	1	1	2	1	0	0	1	2	2	1	2	NA	match	chr11	31370748	31430401	truthset0145	0	+	31370748	31430401	0,0,0	4	111,139,69,131,	0,44062,55538,59522,
truthset0146	PE1	3	3	3	2	3	2	3	2	3	3	3	2	3	3	1	2	NA	match	chr1	155139961	155140240	truthset0146	0	-	155139961	155140240	0,0,0	1	279,	0,
truthset0147	PE1	3	2	2	2	3	2	1	2	3	1	0	1	2	2	2	2	NA	match	chr1	159781100	159782338	truthset0147	0	+	159781100	159782338	0,0,0	2	267,186,	0,1052,
truthset0148	PE1	3	3	3	3	3	3	3	3	3	2	3	3	3	2	2	2	NA	match	chr12	120496421	120498210	truthset0148	0	+	120496421	120498210	0,0,0	2	132,138,	0,1651,
truthset0149	PE1	3	3	3	3	3	2	3	2	3	2	3	3	2	3	3	1	NA	match	chr17	58087090	58089279	truthset0149	0	+	58087090	58089279	0,0,0	2	132,138,	0,2051,
truthset0150	PE1	2	0	0	1	2	1	0	2	1	0	0	0	2	2	0	2	NA	variant	chr2	106065764	106077926	truthset0150	0	+	106065764	106077926	0,0,0	4	79,48,158,162,	0,6079,8121,12000,
truthset0151	PE1	1	1	0	1	2	1	0	2	1	0	0	0	3	2	0	2	NA	good signal no call	chr2	232662835	232681719	truthset0151	0	+	232662835	232681719	0,0,0	3	114,135,135,	0,9473,18749,
truthset0156	PE1	1	1	1	2	3	2	3	2	1	0	2	2	3	2	3	2	NA	match	chr17	3669146	3669479	truthset0156	0	+	3669146	3669479	0,0,0	1	333,	0,
truthset0157	PE1	2	3	3	2	3	2	3	3	3	3	2	1	3	3	3	2	NA	match	chr8	109336136	109343481	truthset0157	0	+	109336136	109343481	0,0,0	4	68,71,75,77,	0,3183,4352,7268,
truthset0158	PE1	2	1	0	1	2	2	0	1	1	1	0	0	3	3	2	2	NA	match	chr12	25203956	25204312	truthset0158	0	+	25203956	25204312	0,0,0	2	51,222,	0,134,
truthset0159	PE1	3	1	1	2	3	1	1	2	3	0	0	3	3	1	1	2	NA	match	chr8	81280595	81284567	truthset0159	0	+	81280595	81284567	0,0,0	4	79,173,102,54,	0,2770,3277,3918,
truthset0160	PE1	1	2	0	2	2	2	0	2	2	0	0	2	2	2	0	2	NA	match	chr6	122779794	122783767	truthset0160	0	+	122779794	122783767	0,0,0	4	73,173,102,51,	0,496,1298,3922,
truthset0161	PE1	3	2	0	3	2	1	0	2	3	2	0	2	3	2	3	2	NA	match	chr19	1275549	1278777	truthset0161	0	+	1275549	1278777	0,0,0	3	281,117,1,	0,1633,3227,
truthset0162	PE1	3	3	2	2	2	2	1	2	2	3	1	2	2	1	0	2	NA	match	chr6	112099283	112100787	truthset0162	0	+	112099283	112100787	0,0,0	2	125,118,	0,1386,
truthset0163	PE1	1	1	2	3	2	2	1	2	0	0	2	2	3	3	3	2	NA	match	chr10	69631743	69633059	truthset0163	0	+	69631743	69633059	0,0,0	2	96,270,	0,1046,
truthset0164	PE1	3	2	3	3	3	2	2	2	2	1	2	2	3	2	3	2	NA	match	chr19	16185442	16190955	truthset0164	0	+	16185442	16190955	0,0,0	4	74,142,54,69,	0,181,5077,5444,
truthset0166	PE1	3	2	3	2	2	2	1	2	2	1	2	1	3	2	0	2	NA	match	chr2	24049849	24063192	truthset0166	0	+	24049849	24063192	0,0,0	4	37,48,113,129,	0,4052,10964,13214,
truthset0167	PE1	2	2	1	1	2	2	1	2	2	2	0	1	3	3	3	2	NA	match	chr16	2896449	2899149	truthset0167	0	+	2896449	2899149	0,0,0	2	322,101,	0,2599,
truthset0169	PE1	3	0	0	1	3	0	0	2	3	0	0	1	2	0	0	2	NA	match	chr1	209675684	209675996	truthset0169	0	+	209675684	209675996	0,0,0	1	312,	0,
truthset0170	PE1	2	2	1	3	3	2	1	2	3	2	2	3	2	2	2	2	NA	match	chr12	10213129	10221852	truthset0170	0	+	10213129	10221852	0,0,0	4	90,79,119,66,	0,4933,7310,8657,
truthset0172	PE1	2	2	1	2	2	2	1	2	2	1	0	2	3	3	3	2	NA	match	chr12	120446480	120459959	truthset0172	0	+	120446480	120459959	0,0,0	4	81,173,104,53,	0,176,10595,13426,
truthset0173	PE1	3	2	3	2	3	2	1	2	2	3	2	2	3	3	3	2	NA	match	chr19	45090114	45090510	truthset0173	0	+	45090114	45090510	0,0,0	1	396,	0,
truthset0174	PE1	3	3	3	3	3	2	1	2	3	3	3	2	3	2	3	2	NA	match	chr9	111661634	111666940	truthset0174	0	+	111661634	111666940	0,0,0	2	81,126,	0,5180,
truthset0175	PE1	3	1	0	2	3	1	0	2	2	1	0	0	2	2	0	2	NA	match	chr7	93922137	93926216	truthset0175	0	+	93922137	93926216	0,0,0	2	96,126,	0,3953,
truthset0176	PE1	3	3	1	3	3	2	1	2	2	3	0	2	3	2	3	2	NA	match	chr8	41490854	41507106	truthset0176	0	+	41490854	41507106	0,0,0	4	111,153,102,48,	0,6654,15056,16204,
truthset0177	PE1	3	3	3	3	2	2	1	2	3	3	3	3	3	3	2	2	NA	match	chr14	96382247	96385684	truthset0177	0	+	96382247	96385684	0,0,0	2	258,162,	0,3275,
truthset0178	PE1	3	2	0	3	3	1	0	2	3	0	0	2	2	2	0	2	NA	match	chr2	126656263	126696142	truthset0178	0	+	126656263	126696142	0,0,0	4	49,57,84,197,	0,33991,37600,39682,
truthset0179	PE1	2	0	0	0	2	0	0	0	2	0	0	0	2	0	0	0	Histone gene	match	chr6	25726131	25726527	truthset0179	0	-	25726131	25726527	0,0,0	1	396,	0,
truthset0180	PE1	3	3	3	3	3	3	3	3	3	3	3	3	3	3	3	3	Histone gene	match	chr6	27133071	27133464	truthset0180	0	+	27133071	27133464	0,0,0	1	393,	0,
truthset0181	PE1	3	3	3	3	3	3	3	3	3	3	3	3	2	2	2	2	Histone gene	match	chr6	27147128	27147515	truthset0181	0	+	27147128	27147515	0,0,0	1	387,	0,
truthset0182	PE1	3	3	3	3	3	3	3	3	3	3	2	3	2	3	2	2	Histone gene	match	chr6	27814353	27814740	truthset0182	0	-	27814353	27814740	0,0,0	1	387,	0,
truthset0183	PE1	3	3	2	3	3	3	3	3	3	3	2	3	3	2	3	2	Histone gene	match	chr1	149842305	149842698	truthset0183	0	-	149842305	149842698	0,0,0	1	393,	0,
truthset0184	PE1	3	3	3	2	3	3	3	3	3	3	3	3	3	2	3	2	Histone gene	match	chr1	149886974	149887364	truthset0184	0	+	149886974	149887364	0,0,0	1	390,	0,
truthset0185	PE1	3	3	3	3	3	3	3	3	3	3	3	2	3	3	3	3	Histone gene	match	chr1	149887523	149887916	truthset0185	0	-	149887523	149887916	0,0,0	1	393,	0,
truthset0186	PE1	3	3	2	2	3	3	3	3	2	3	0	3	2	3	2	2	Histone gene	match	chr1	228457424	228457817	truthset0186	0	-	228457424	228457817	0,0,0	1	393,	0,
truthset0187	PE1	3	3	3	3	3	3	3	3	3	3	3	3	3	2	3	2	Histone gene	match	chr6	26033175	26033568	truthset0187	0	-	26033175	26033568	0,0,0	1	393,	0,
truthset0188	PE1	3	3	3	3	3	3	3	3	3	3	3	3	3	3	3	2	Histone gene	match	chr6	26124232	26124625	truthset0188	0	+	26124232	26124625	0,0,0	1	393,	0,
truthset0189	PE1	3	3	3	3	3	3	3	3	3	3	3	3	3	3	3	2	Histone gene	match	chr6	26198850	26199243	truthset0189	0	-	26198850	26199243	0,0,0	1	393,	0,
truthset0190	PE1	2	2	3	3	3	2	2	3	2	2	3	3	3	3	2	2	Histone gene	match	chr12	14774470	14774860	truthset0190	0	+	14774470	14774860	0,0,0	1	390,	0,
truthset0191	PE1	3	2	3	2	3	3	3	3	3	2	2	1	2	2	2	2	Histone gene	match	chr11	119094962	119095394	truthset0191	0	-	119094962	119095394	0,0,0	1	432,	0,
truthset0192	PE1	3	3	3	3	3	3	3	3	3	3	2	3	2	2	3	2	Histone gene	match	chr6	27132369	27132750	truthset0192	0	-	27132369	27132750	0,0,0	1	381,	0,
truthset0193	PE1	3	3	2	3	3	3	3	3	2	3	2	3	2	3	3	2	Histone gene	match	chr6	27146417	27146798	truthset0193	0	-	27146417	27146798	0,0,0	1	381,	0,
truthset0194	PE1	3	3	2	3	3	3	3	3	3	3	2	3	2	2	3	2	Histone gene	match	chr6	27815043	27815424	truthset0194	0	+	27815043	27815424	0,0,0	1	381,	0,
truthset0195	PE1	3	3	3	3	3	3	3	3	2	2	2	3	2	2	2	2	Histone gene	match	chr6	27893462	27893843	truthset0195	0	+	27893462	27893843	0,0,0	1	381,	0,
truthset0196	PE1	3	3	3	3	3	3	3	3	2	3	2	3	2	2	3	2	Histone gene	match	chr1	149886259	149886640	truthset0196	0	-	149886259	149886640	0,0,0	1	381,	0,
truthset0197	PE1	3	3	3	3	3	3	3	3	2	2	2	2	3	2	3	2	Histone gene	match	chr1	228458129	228458510	truthset0197	0	+	228458129	228458510	0,0,0	1	381,	0,
truthset0198	PE1	3	3	3	3	3	3	3	3	3	3	2	3	2	1	2	2	Histone gene	match	chr12	31791758	31792166	truthset0198	0	-	31791758	31792166	0,0,0	1	408,	0,
truthset0199	PE1	3	3	3	3	3	3	3	3	2	3	3	2	3	2	2	2	Histone gene	match	chr1	149852654	149853065	truthset0199	0	+	149852654	149853065	0,0,0	1	411,	0,
truthset0200	PE1	3	3	3	3	3	3	3	3	3	3	3	3	3	2	3	2	Histone gene	match	chr6	26021678	26021990	truthset0200	0	+	26021678	26021990	0,0,0	1	312,	0,
truthset0201	PE1	3	0	0	1	3	0	0	1	2	0	0	0	3	0	0	0	NA	match	chr19	35282577	35285042	truthset0201	0	+	35282577	35285042	0,0,0	3	90,60,105,	0,2211,2360,
truthset0203	PE1	3	1	1	3	3	1	1	2	3	2	2	2	3	3	2	2	NA	match	chr16	176716	177411	truthset0203	0	+	176716	177411	0,0,0	3	95,205,129,	0,212,566,
truthset0204	PE1	3	3	3	3	3	2	3	2	3	3	3	3	3	2	3	2	NA	match	chr2	8682165	8682899	truthset0204	0	+	8682165	8682899	0,0,0	2	348,57,	0,677,
truthset0206	PE1	3	3	3	3	3	3	3	2	3	3	3	3	3	2	3	2	NA	match	chr11	308192	309165	truthset0206	0	+	308192	309165	0,0,0	2	246,153,	0,820,
truthset0207	PE1	3	1	0	1	2	1	0	1	3	0	0	0	3	0	0	1	NA	match	chr11	74457251	74457563	truthset0207	0	-	74457251	74457563	0,0,0	1	312,	0,
truthset0208	PE1	1	0	0	0	3	0	0	0	3	0	0	0	1	0	0	0	NA	match	chr11	5225597	5227021	truthset0208	0	-	5225597	5227021	0,0,0	3	129,223,92,	0,979,1332,
truthset0209	PE1	3	0	0	2	2	0	0	1	3	0	0	2	2	0	0	2	NA	match	chr11	5232963	5234433	truthset0209	0	-	5232963	5234433	0,0,0	3	129,223,92,	0,1027,1378,
truthset0211	PE1	3	0	0	1	2	0	0	1	2	0	0	0	3	0	0	2	NA	match	chr4	56648719	56656000	truthset0211	0	-	56648719	56656000	0,0,0	2	78,144,	0,7137,
truthset0212	PE1	3	3	3	3	3	2	2	2	3	3	2	3	3	3	2	2	NA	match	chr5	95816512	95822662	truthset0212	0	-	95816512	95822662	0,0,0	2	114,207,	0,5943,
truthset0213	PE1	2	1	1	1	3	2	3	2	1	1	1	1	3	2	3	2	Likely not a good positive	match	chr7	100148972	100153964	truthset0213	0	+	100148972	100153964	0,0,0	3	3,118,98,	0,4427,4894,
truthset0214	PE1	2	1	2	1	3	3	3	3	2	0	3	1	3	2	3	2	NA	match	chr6	34240780	34244884	truthset0214	0	+	34240780	34244884	0,0,0	4	135,84,51,54,	0,1931,2687,4050,
truthset0215	PE1	2	2	2	2	3	3	3	3	2	2	3	3	2	2	2	2	NA	match	chr4	99948461	99950170	truthset0215	0	-	99948461	99950170	0,0,0	5	62,130,114,78,3,	0,349,811,1201,1706,
truthset0217	PE1	3	3	2	3	3	3	3	3	3	3	2	3	2	2	3	2	Histone gene	match	chr6	26123523	26123904	truthset0217	0	-	26123523	26123904	0,0,0	1	381,	0,
truthset0219	PE1	3	0	0	2	2	0	0	2	3	0	1	1	2	0	1	2	NA	match	chr19	39328476	39335976	truthset0219	0	-	39328476	39335976	0,0,0	7	72,74,83,50,50,97,3,	0,523,1067,4600,6784,6958,7497,
truthset0220	PE1	3	3	3	3	3	2	3	3	3	3	3	3	3	3	2	2	NA	match	chr1	84501844	84506091	truthset0220	0	-	84501844	84506091	0,0,0	2	126,81,	0,4166,
truthset0221	PE1	3	3	3	3	3	3	3	3	3	3	3	3	3	3	3	2	NA	match	chr5	131159446	131165205	truthset0221	0	-	131159446	131165205	0,0,0	3	165,105,111,	0,3125,5648,
truthset0222	PE1	3	0	0	0	2	0	0	0	3	0	0	0	2	0	0	0	NA	match	chr2	85694418	85698574	truthset0222	0	+	85694418	85698574	0,0,0	5	52,104,99,172,11,	0,901,1539,3087,4145,
truthset0223	PE1	3	3	3	3	3	2	2	2	3	3	3	3	2	2	2	2	NA	match	chr7	44834500	44847971	truthset0223	0	-	44834500	44847971	0,0,0	5	62,130,114,78,3,	0,1028,6398,8776,13468,
truthset0226	PE1	3	3	3	2	3	2	1	2	3	3	3	1	2	2	3	2	NA	match	chr18	47156176	47176277	truthset0226	0	-	47156176	47176277	0,0,0	3	56,102,91,	0,1259,20010,
truthset0227	PE1	3	2	3	3	3	3	3	2	2	0	3	2	3	2	3	2	NA	match	chr15	43800622	43801806	truthset0227	0	+	43800622	43801806	0,0,0	4	162,56,52,96,	0,509,895,1088,
truthset0229	PE1	3	3	3	2	3	2	2	2	3	3	3	2	2	2	2	2	NA	match	chr1	67705450	67707686	truthset0229	0	-	67705450	67707686	0,0,0	2	126,93,	0,2143,
truthset0230	PE1	3	3	3	3	3	3	3	2	3	3	2	3	3	3	2	2	NA	match	chr11	319837	320813	truthset0230	0	-	319837	320813	0,0,0	2	153,249,	0,727,
truthset0232	PE1	3	3	3	3	3	2	1	2	3	3	3	3	2	2	2	2	NA	match	chr14	93203687	93207037	truthset0232	0	-	93203687	93207037	0,0,0	2	95,208,	0,3142,
truthset0237	PE1	3	3	3	3	3	2	1	2	3	3	3	3	2	3	3	2	NA	variant	chr5	55160192	55164218	truthset0237	0	+	55160192	55164218	0,0,0	3	204,262,164,	0,801,3862,
truthset0239	PE1	3	3	2	3	2	2	1	2	3	3	1	2	3	2	2	2	NA	match	chr7	969377	975509	truthset0239	0	-	969377	975509	0,0,0	3	79,112,82,	0,3803,6050,
truthset0240	PE1	2	3	1	2	3	2	2	2	2	3	2	2	3	2	3	2	NA	match	chr21	43774201	43776269	truthset0240	0	-	43774201	43776269	0,0,0	3	129,102,66,	0,456,2002,
truthset0243	PE1	3	1	0	2	3	1	0	2	3	0	0	3	2	0	0	2	NA	match	chr3	42258097	42263630	truthset0243	0	-	42258097	42263630	0,0,0	2	134,214,	0,5319,
truthset0245	PE1	2	1	1	1	2	2	1	2	2	1	2	1	2	3	3	2	NA	match	chr8	56212850	56217435	truthset0245	0	+	56212850	56217435	0,0,0	4	59,70,99,105,	0,1747,3582,4480,
truthset0246	PE1	3	3	3	3	3	2	2	2	3	3	2	3	2	2	3	2	NA	match	chr18	49482344	49483748	truthset0246	0	-	49482344	49483748	0,0,0	2	66,165,	0,1239,
truthset0247	PE1	3	3	1	2	2	2	0	2	3	2	1	2	2	2	1	2	NA	match	chr2	74135521	74147874	truthset0247	0	-	74135521	74147874	0,0,0	3	137,115,54,	0,9667,12299,
truthset0249	PE1	3	3	3	3	3	2	2	2	3	3	3	3	3	2	2	2	NA	match	chr17	42798060	42798681	truthset0249	0	-	42798060	42798681	0,0,0	2	107,214,	0,407,
truthset0250	PE1	3	0	0	0	2	0	0	0	2	0	0	0	3	0	0	0	NA	match	chr3	58566587	58569860	truthset0250	0	-	58566587	58569860	0,0,0	3	108,157,170,	0,620,3103,
truthset0252	PE1	3	0	0	3	3	1	1	2	3	0	0	3	3	2	2	2	NA	match	chr22	23971550	23974414	truthset0252	0	-	23971550	23974414	0,0,0	3	73,176,108,	0,2217,2756,
truthset0254	PE1	3	1	1	2	3	1	1	2	3	0	0	0	3	3	2	2	NA	variant	chr17	73209528	73232306	truthset0254	0	-	73209528	73232306	0,0,0	4	240,63,100,221,	0,3149,17636,22557,
truthset0257	PE1	3	3	1	2	3	2	1	2	3	3	1	2	3	2	3	2	NA	match	chr2	240131050	240136284	truthset0257	0	-	240131050	240136284	0,0,0	3	38,73,63,	0,2882,5171,
truthset0258	PE1	3	3	2	2	3	2	1	2	2	3	1	2	3	2	3	2	NA	match	chr17	78214316	78223554	truthset0258	0	+	78214316	78223554	0,0,0	4	111,110,118,90,	0,363,2347,9148,
truthset0260	PE1	3	2	2	3	3	2	2	2	2	0	0	2	2	2	2	2	NA	match	chr8	73946629	73959768	truthset0260	0	-	73946629	73959768	0,0,0	3	191,144,4,	0,9281,13135,
truthset0262	PE1	2	2	2	2	3	2	1	2	2	2	0	0	3	2	2	2	NA	match	chr16	8855163	8859328	truthset0262	0	-	8855163	8859328	0,0,0	3	163,123,158,	0,3186,4007,
truthset0264	PE1	3	3	2	2	3	1	1	1	2	2	3	1	3	2	1	2	NA	match	chr10	14521189	14530459	truthset0264	0	-	14521189	14530459	0,0,0	3	117,151,128,	0,679,9142,
truthset0265	PE1	3	3	2	2	3	2	1	1	3	3	0	0	2	2	3	2	NA	match	chr20	23633915	23637862	truthset0265	0	-	23633915	23637862	0,0,0	3	84,114,243,	0,1338,3704,
truthset0266	PE1	1	1	0	1	3	3	0	3	1	0	0	1	3	2	0	2	NA	match	chr6	106971660	106974646	truthset0266	0	-	106971660	106974646	0,0,0	2	174,69,	0,2917,
truthset0269	PE1	2	0	0	0	2	0	0	0	1	0	0	0	2	2	0	0	NA	match	chr5	43381859	43388399	truthset0269	0	-	43381859	43388399	0,0,0	2	193,50,	0,6490,
truthset0273	PE1	3	3	3	2	3	2	2	2	3	3	3	2	2	2	3	2	NA	match	chr9	7798572	7799734	truthset0273	0	-	7798572	7799734	0,0,0	2	65,286,	0,876,
truthset0274	PE1	2	2	2	2	3	2	2	2	1	1	1	1	3	2	3	2	NA	variant	chr1	33010828	33024516	truthset0274	0	-	33010828	33024516	0,0,0	6	5,196,73,95,111,75,	0,2378,3693,10538,10764,13613,
truthset0276	PE1	3	3	0	3	3	2	0	2	2	3	3	2	3	3	2	2	NA	match	chr1	31365885	31373014	truthset0276	0	-	31365885	31373014	0,0,0	4	54,102,206,73,	0,1507,3499,7056,
truthset0278	PE1	3	3	3	3	3	3	3	2	3	3	3	3	3	2	3	2	NA	match	chr12	53665313	53672614	truthset0278	0	-	53665313	53672614	0,0,0	4	115,194,78,39,	0,3834,4557,7262,
truthset0279	PE1	3	3	3	3	3	2	3	3	3	2	3	2	3	3	3	2	NA	match	chr14	22575102	22589157	truthset0279	0	-	22575102	22589157	0,0,0	2	131,211,	0,13844,
truthset0280	PE1	2	0	0	0	3	0	0	0	1	0	0	0	3	0	0	0	NA	match	chr8	81478864	81483167	truthset0280	0	-	81478864	81483167	0,0,0	4	51,102,173,73,	0,549,1561,4230,
truthset0281	PE1	3	0	0	3	3	0	0	2	3	0	0	3	2	0	0	2	NA	match	chr2	88123053	88128017	truthset0281	0	-	88123053	88128017	0,0,0	4	51,93,173,67,	0,1440,3122,4897,
truthset0287	PE1	3	3	3	3	3	3	3	3	3	3	3	3	3	2	3	2	NA	match	chr16	85801205	85806874	truthset0287	0	+	85801205	85806874	0,0,0	4	73,168,132,137,	0,3731,4527,5532,
truthset0289	PE1	2	3	3	2	3	2	3	2	2	2	2	1	3	2	3	2	NA	match	chr1	156700025	156705446	truthset0289	0	-	156700025	156705446	0,0,0	4	51,117,179,70,	0,516,848,5351,
truthset0290	PE1	3	3	0	3	3	1	0	2	3	3	0	2	2	2	0	2	NA	match	chr20	23747815	23750866	truthset0290	0	-	23747815	23750866	0,0,0	3	84,114,228,	0,1200,2823,
truthset0291	PE1	1	3	2	3	3	1	1	2	1	3	2	3	3	3	3	2	NA	match	chr1	67685494	67687774	truthset0291	0	+	67685494	67687774	0,0,0	4	44,102,238,114,	0,530,855,2166,
truthset0292	PE1	3	3	3	3	3	3	2	2	3	3	3	3	3	3	3	2	NA	match	chr15	48332251	48342078	truthset0292	0	+	48332251	48342078	0,0,0	6	155,92,45,75,71,57,	0,2165,3794,9037,9263,9770,
truthset0293	PE1	3	3	3	3	3	3	3	3	3	3	3	3	3	3	3	2	NA	match	chr11	65120680	65121813	truthset0293	0	-	65120680	65121813	0,0,0	4	126,56,145,75,	0,300,819,1058,
truthset0296	PE1	3	0	0	0	2	0	0	0	3	0	0	0	2	0	0	0	NA	match	chr4	76003597	76007449	truthset0296	0	-	76003597	76007449	0,0,0	4	102,85,127,64,	0,1211,2550,3788,
truthset0298	PE1	3	1	0	2	2	1	0	2	3	0	0	2	3	2	0	2	NA	match	chr17	34255349	34256827	truthset0298	0	+	34255349	34256827	0,0,0	3	76,118,106,	0,872,1372,
truthset0300	PE1	3	0	0	0	3	0	0	0	3	0	0	0	3	0	0	0	NA	match	chr17	36103905	36105312	truthset0300	0	+	36103905	36105312	0,0,0	3	76,115,88,	0,622,1319,
truthset0301	PE1	2	0	0	0	2	0	0	0	3	0	0	0	2	0	0	0	NA	match	chr17	35872376	35880305	truthset0301	0	-	35872376	35880305	0,0,0	3	88,112,76,	0,6151,7853,
truthset0302	PE1	3	0	0	0	2	0	0	0	3	0	0	0	2	0	0	0	NA	match	chr17	34285808	34287690	truthset0302	0	+	34285808	34287690	0,0,0	3	76,112,106,	0,1287,1776,
truthset0303	PE1	3	0	0	0	2	0	0	0	3	0	0	0	2	0	0	0	NA	variant	chr17	36064342	36071041	truthset0303	0	+	36064342	36071041	0,0,0	3	67,112,91,	0,6104,6608,
truthset0306	PE1	3	3	3	3	3	2	3	3	3	3	3	3	3	3	3	3	NA	match	chr9	136862283	136866258	truthset0306	0	-	136862283	136866258	0,0,0	5	62,94,161,52,78,	0,622,1004,1536,3897,
truthset0307	PE1	3	2	3	3	3	2	2	2	3	3	3	3	3	2	3	2	missing M	match	chr9	127935721	127937820	truthset0307	0	-	127935721	127937820	0,0,0	4	59,103,90,3,	0,831,1712,2096,
truthset0308	PE1	3	3	3	3	3	2	2	2	3	3	3	3	3	2	3	3	NA	match	chr5	172983860	173020331	truthset0308	0	+	172983860	173020331	0,0,0	3	104,48,94,	0,10914,36377,
truthset0311	PE1	3	3	2	2	3	3	3	3	3	3	1	1	2	2	3	2	missing M	match	chr14	69380537	69398233	truthset0311	0	-	69380537	69398233	0,0,0	4	103,121,88,3,	0,6425,14287,17693,
truthset0312	PE1	3	0	0	0	2	0	0	0	3	0	0	0	2	0	0	0	NA	variant	chr17	35977565	35981420	truthset0312	0	-	35977565	35981420	0,0,0	3	166,121,76,	0,577,3779,
truthset0313	PE1	3	3	2	2	3	2	1	2	3	3	1	2	3	3	3	2	NA	match	chr5	115831803	115841552	truthset0313	0	-	115831803	115841552	0,0,0	4	60,63,137,163,	0,798,5824,9586,
truthset0314	PE1	2	2	2	1	3	2	2	2	2	2	2	1	3	3	2	2	NA	match	chr2	42351218	42361161	truthset0314	0	-	42351218	42361161	0,0,0	3	141,132,72,	0,1993,9871,
truthset0315	PE1	3	3	3	3	3	3	3	2	3	3	3	2	3	3	3	3	NA	match	chr9	114587838	114597743	truthset0315	0	+	114587838	114597743	0,0,0	3	82,101,174,	0,4713,9731,
truthset0317	PE1	1	0	0	1	3	0	0	1	0	0	0	0	3	0	0	2	NA	match	chr9	22005986	22008953	truthset0317	0	-	22005986	22008953	0,0,0	2	261,156,	0,2811,
truthset0318	PE1	2	0	0	0	1	0	0	0	1	0	0	0	2	0	0	0	NA	good signal no call	chr17	36013196	36017897	truthset0318	0	-	36013196	36017897	0,0,0	4	112,166,60,76,	0,547,1137,4625,
truthset0319	PE1	2	0	0	0	3	0	0	1	1	0	0	0	2	0	0	0	NA	match	chr12	9853299	9862571	truthset0319	0	-	9853299	9862571	0,0,0	4	109,104,164,73,	0,1081,4174,9199,
truthset0320	PE1	3	0	0	2	3	0	0	1	3	0	0	1	2	0	0	2	NA	match	chr8	6870680	6877857	truthset0320	0	-	6870680	6877857	0,0,0	2	146,61,	0,7116,
truthset0321	PE1	1	1	0	3	2	2	0	2	1	1	0	3	3	3	0	2	NA	match	chr15	40764180	40767349	truthset0321	0	+	40764180	40767349	0,0,0	3	36,95,124,	0,1646,3045,
truthset0322	PE1	2	0	0	0	2	0	0	0	2	0	0	0	2	0	0	0	NA	match	chr17	34356526	34358131	truthset0322	0	+	34356526	34358131	0,0,0	3	76,115,106,	0,948,1499,
truthset0324	PE1	2	0	0	0	3	0	0	1	2	0	0	0	3	0	0	0	NA	variant	chr17	34319501	34320907	truthset0324	0	+	34319501	34320907	0,0,0	3	76,118,106,	0,767,1300,
truthset0325	PE1	1	1	1	1	2	1	1	2	1	0	1	0	3	3	1	2	NA	match	chr22	38779448	38782731	truthset0325	0	-	38779448	38782731	0,0,0	3	165,84,69,	0,1477,3214,
truthset0329	PE1	2	0	0	0	2	0	0	0	2	0	0	0	3	0	0	0	NA	variant	chr17	34270290	34271802	truthset0329	0	+	34270290	34271802	0,0,0	3	76,118,106,	0,855,1406,
truthset0335	PE1	3	3	3	3	3	3	3	3	3	3	3	3	2	2	1	1	NA	match	chr16	2771989	2777239	truthset0335	0	-	2771989	2777239	0,0,0	4	113,106,135,3,	0,3461,5003,5247,
truthset0336	PE1	1	2	1	1	3	2	1	2	1	2	2	1	2	2	2	1	NA	match	chr14	75651554	75657502	truthset0336	0	-	75651554	75657502	0,0,0	4	80,119,91,133,	0,216,3331,5815,
truthset0337	PE1	3	3	3	3	3	2	3	3	3	3	3	3	3	2	3	2	NA	match	chr17	7240853	7242330	truthset0337	0	-	7240853	7242330	0,0,0	4	66,119,79,90,	0,488,747,1387,
truthset0340	PE1	3	3	3	3	3	2	3	2	3	3	3	3	3	3	3	2	NA	variant	chr11	68684923	68690987	truthset0340	0	+	68684923	68690987	0,0,0	5	81,55,87,78,71,	0,670,3090,3925,5993,
truthset0341	PE1	1	1	1	1	3	3	3	2	0	0	0	0	3	2	3	2	NA	match	chr14	70326332	70359587	truthset0341	0	-	70326332	70359587	0,0,0	4	117,63,72,69,	0,2841,16325,33186,
truthset0343	PE1	2	2	0	1	2	1	0	1	2	2	0	2	3	2	0	1	NA	match	chr4	5015150	5019445	truthset0343	0	-	5015150	5019445	0,0,0	4	84,129,45,153,	0,1685,1984,4142,
truthset0344	PE1	2	1	1	2	3	2	2	2	2	0	2	2	2	1	1	2	NA	match	chr7	25123700	25124119	truthset0344	0	-	25123700	25124119	0,0,0	2	149,169,	0,250,
truthset0345	PE1	3	2	3	3	3	1	1	2	3	2	3	3	3	2	3	2	NA	match	chr1	9850717	9872064	truthset0345	0	-	9850717	9872064	0,0,0	3	59,91,96,	0,20469,21251,
truthset0346	PE1	3	3	2	2	3	2	3	2	3	3	2	1	2	2	3	2	NA	match	chr16	84566844	84617914	truthset0346	0	-	84566844	84617914	0,0,0	4	111,158,83,77,	0,23260,50656,50993,
truthset0347	PE1	3	3	3	3	3	2	2	2	3	3	3	3	2	2	2	1	NA	match	chr6	139034160	139042903	truthset0347	0	+	139034160	139042903	0,0,0	2	61,185,	0,8558,
truthset0349	PE1	3	3	3	2	3	2	2	2	3	3	3	1	3	3	3	2	missing M	match	chr19	17309654	17319656	truthset0349	0	+	17309654	17319656	0,0,0	5	3,81,52,62,111,	0,4368,4683,6279,9891,
truthset0350	PE1	1	2	1	1	3	2	1	2	1	2	1	1	3	3	3	2	NA	variant	chr13	49660967	49691424	truthset0350	0	-	49660967	49691424	0,0,0	4	241,139,70,171,	0,2089,8809,30286,
truthset0351	PE1	3	3	3	3	3	2	2	2	2	3	2	2	3	2	3	2	NA	match	chr2	70297288	70302011	truthset0351	0	-	70297288	70302011	0,0,0	3	189,141,87,	0,3551,4636,
truthset0352	PE1	1	0	0	0	1	0	0	0	0	0	0	0	2	0	0	0	NA	match	chr17	35997766	36001492	truthset0352	0	-	35997766	36001492	0,0,0	4	94,112,60,76,	0,513,1099,3650,
truthset0353	PE1	3	3	1	1	3	3	2	2	3	3	0	0	2	2	3	2	NA	match	chr20	1372111	1392998	truthset0353	0	-	1372111	1392998	0,0,0	4	129,113,48,37,	0,3379,20722,20850,
truthset0355	PE1	3	3	3	3	2	1	2	2	3	3	3	3	3	2	2	2	NA	match	chr6	37483185	37499863	truthset0355	0	-	37483185	37499863	0,0,0	4	104,53,95,42,	0,1624,1914,16636,
truthset0356	PE1	3	3	1	2	3	2	1	2	3	3	0	1	3	3	3	2	NA	match	chr1	202134466	202144572	truthset0356	0	-	202134466	202144572	0,0,0	7	50,71,68,94,74,81,123,	0,683,992,1240,3498,3901,9983,
truthset0357	PE1	3	3	2	3	3	2	2	2	3	2	2	3	2	2	1	1	NA	match	chr9	113267262	113272507	truthset0357	0	-	113267262	113272507	0,0,0	2	177,81,	0,5164,
truthset0360	PE1	1	1	0	1	3	2	1	2	1	1	0	1	2	2	2	2	missing M	match	chr3	180984639	180989602	truthset0360	0	-	180984639	180989602	0,0,0	6	71,71,80,74,52,3,	0,1286,2303,3383,3538,4960,
truthset0362	PE1	3	3	2	3	3	2	1	2	3	3	1	2	3	3	2	2	NA	match	chr19	1475031	1478903	truthset0362	0	-	1475031	1478903	0,0,0	2	227,130,	0,3742,
truthset0363	PE1	3	3	3	3	3	1	1	2	3	3	3	2	2	2	0	2	NA	match	chr3	196291326	196318152	truthset0363	0	-	196291326	196318152	0,0,0	5	48,64,70,134,113,	0,4679,15616,24771,26713,
truthset0364	PE1	3	0	0	2	3	0	0	1	3	0	0	3	3	0	0	2	NA	match	chr19	42428883	42442832	truthset0364	0	-	42428883	42442832	0,0,0	4	98,102,81,79,	0,4092,4892,13870,
truthset0365	PE1	3	3	3	3	3	3	2	3	3	3	3	3	3	2	3	2	NA	match	chr11	33710125	33722445	truthset0365	0	-	33710125	33722445	0,0,0	3	218,102,67,	0,7244,12253,
truthset0367	PE1	3	3	3	2	3	2	2	2	2	2	3	2	1	2	1	2	NA	match	chr3	16260763	16264876	truthset0367	0	-	16260763	16264876	0,0,0	3	66,75,108,	0,3391,4005,
truthset0369	PE1	1	0	0	1	2	0	0	1	1	0	0	1	3	1	0	2	NA	low signal no call	chr8	52538442	52565256	truthset0369	0	-	52538442	52565256	0,0,0	4	65,81,54,190,	0,1388,3949,26624,
truthset0370	PE1	1	1	1	1	2	2	1	2	0	0	0	0	2	2	2	2	NA	variant	chr14	24139009	24141304	truthset0370	0	-	24139009	24141304	0,0,0	5	187,95,70,77,198,	0,350,535,1879,2097,
truthset0371	PE1	2	2	0	0	2	1	1	1	2	2	1	0	3	2	1	2	NA	match	chr10	97677868	97679905	truthset0371	0	-	97677868	97679905	0,0,0	2	157,287,	0,1750,
truthset0373	PE1	3	0	0	0	2	0	0	1	3	0	0	0	3	0	0	0	NA	match	chr5	179794080	179796394	truthset0373	0	+	179794080	179796394	0,0,0	5	58,100,71,82,142,	0,1503,1705,1860,2172,
truthset0374	PE1	1	3	3	2	3	2	2	2	1	3	3	1	3	2	2	2	NA	match	chr8	143020939	143021789	truthset0374	0	+	143020939	143021789	0,0,0	3	52,120,224,	0,374,626,
truthset0376	PE1	3	2	2	2	3	2	2	2	3	1	2	2	3	2	1	2	missing M	match	chr19	18307463	18323020	truthset0376	0	-	18307463	18323020	0,0,0	5	92,184,99,42,3,	0,2214,5140,8560,15554,
truthset0377	PE1	3	3	3	3	3	3	3	3	3	3	3	3	2	2	3	1	missing MA	match	chr19	2321679	2328566	truthset0377	0	-	2321679	2328566	0,0,0	4	143,72,91,6,	0,2445,6707,6881,
truthset0378	PE1	3	0	3	3	3	0	2	2	3	0	3	2	2	0	2	2	NA	match	chr12	69348408	69353219	truthset0378	0	+	69348408	69353219	0,0,0	4	136,165,79,67,	0,1699,3811,4744,
truthset0379	PE1	3	3	3	3	3	2	3	2	3	3	3	2	2	3	2	2	NA	match	chr20	37301263	37316415	truthset0379	0	+	37301263	37316415	0,0,0	2	150,108,	0,15044,
truthset0380	PE1	3	3	3	3	3	2	2	2	3	3	2	3	3	2	2	2	NA	match	chr12	116575942	116576320	truthset0380	0	+	116575942	116576320	0,0,0	1	378,	0,
truthset0382	PE1	3	3	2	3	3	2	1	2	3	3	2	2	3	2	3	2	NA	match	chr17	4731489	4733187	truthset0382	0	+	4731489	4733187	0,0,0	3	85,131,138,	0,286,1560,
truthset0383	PE1	3	3	3	3	2	2	1	2	3	2	3	2	3	3	3	3	NA	match	chr12	27022579	27028461	truthset0383	0	+	27022579	27028461	0,0,0	4	42,115,101,177,	0,3840,4767,5705,
truthset0387	PE1	3	3	3	3	3	3	3	3	3	3	3	2	3	3	3	3	NA	match	chr22	23894474	23895106	truthset0387	0	+	23894474	23895106	0,0,0	3	108,173,67,	0,297,565,
truthset0388	PE1	3	2	3	3	3	3	1	2	3	2	2	3	3	3	0	2	NA	match	chr1	151067224	151067497	truthset0388	0	+	151067224	151067497	0,0,0	1	273,	0,
truthset0389	PE1	3	3	2	3	3	2	1	2	3	3	3	3	2	2	2	2	NA	match	chrX	135965023	135973675	truthset0389	0	-	135965023	135973675	0,0,0	4	160,104,53,79,	0,2366,6034,8573,
truthset0391	PE1	2	2	2	1	3	3	3	2	2	2	2	1	3	2	3	0	NA	match	chr4	6640862	6641246	truthset0391	0	+	6640862	6641246	0,0,0	1	384,	0,
truthset0392	PE1	3	3	3	3	3	2	3	3	3	3	3	3	2	2	3	2	NA	match	chr17	50368091	50373170	truthset0392	0	-	50368091	50373170	0,0,0	4	207,68,132,40,	0,1940,2363,5039,
truthset0393	PE1	3	3	3	3	3	2	3	2	3	3	2	2	3	2	3	2	NA	match	chr5	1798623	1798935	truthset0393	0	-	1798623	1798935	0,0,0	1	312,	0,
truthset0394	PE1	3	3	3	3	3	2	2	2	3	3	3	2	3	2	2	2	NA	match	chr12	93469285	93501221	truthset0394	0	+	93469285	93501221	0,0,0	5	70,64,85,164,46,	0,7668,10102,18211,31890,
truthset0396	PE1	1	0	0	0	3	2	0	0	0	0	0	0	2	0	0	0	Histone gene	variant	chr6	25726908	25727292	truthset0396	0	+	25726908	25727292	0,0,0	1	384,	0,
truthset0397	PE1	3	3	3	2	3	3	2	2	3	3	3	2	2	2	1	2	Histone gene	match	chr6	27807525	27807906	truthset0397	0	-	27807525	27807906	0,0,0	1	381,	0,
truthset0398	PE1	3	2	3	2	3	2	3	2	2	2	2	2	2	2	3	2	Histone gene	match	chr6	27838661	27839042	truthset0398	0	+	27838661	27839042	0,0,0	1	381,	0,
truthset0399	PE1	3	3	3	3	3	3	3	3	3	3	3	3	3	2	2	2	Histone gene	match	chr1	149811942	149812323	truthset0399	0	-	149811942	149812323	0,0,0	1	381,	0,
truthset0400	PE1	3	3	1	1	3	2	2	2	3	3	1	0	2	2	0	0	Histone gene	match	chr6	26043276	26043657	truthset0400	0	-	26043276	26043657	0,0,0	1	381,	0,
truthset0401	PE1	3	3	0	3	3	3	1	3	3	3	0	3	3	3	0	2	Histone gene	match	chr6	26251650	26252031	truthset0401	0	+	26251650	26252031	0,0,0	1	381,	0,
truthset0403	PE1	1	3	1	1	3	2	2	2	1	2	0	0	3	3	2	2	NA	match	chr5	176388819	176389497	truthset0403	0	+	176388819	176389497	0,0,0	2	154,167,	0,511,
truthset0404	PE1	2	3	3	3	2	3	3	3	3	2	2	2	2	2	2	2	NA	match	chr7	128457268	128457460	truthset0404	0	+	128457268	128457460	0,0,0	1	192,	0,
truthset0405	PE1	2	3	2	2	3	2	3	2	2	3	2	3	2	2	3	1	NA	match	chr6	26545206	26545479	truthset0405	0	+	26545206	26545479	0,0,0	1	273,	0,
truthset0406	PE1	3	0	0	0	3	0	0	0	1	0	0	0	2	0	0	0	NA	match	chr5	54455789	54456242	truthset0406	0	+	54455789	54456242	0,0,0	1	453,	0,
truthset0408	PE1	1	2	0	2	3	2	0	2	1	1	0	1	2	2	0	2	NA	match	chrX	141176580	141177021	truthset0408	0	-	141176580	141177021	0,0,0	1	441,	0,
truthset0409	PE1	3	3	3	3	3	3	3	2	3	3	3	3	2	1	1	2	NA	match	chr3	42785270	42794253	truthset0409	0	-	42785270	42794253	0,0,0	3	50,135,97,	0,757,8886,
truthset0412	PE1	3	3	2	3	2	2	1	2	2	2	2	1	2	2	3	2	NA	match	chr16	3022862	3023941	truthset0412	0	-	3022862	3023941	0,0,0	4	136,129,57,95,	0,370,611,984,
truthset0413	PE1	3	3	3	3	3	2	2	2	2	3	3	2	2	2	2	2	NA	match	chr1	53921650	53940082	truthset0413	0	-	53921650	53940082	0,0,0	5	117,44,69,107,98,	0,2253,6721,8388,18334,
truthset0416	PE1	2	2	2	2	3	3	3	3	1	1	1	1	2	2	2	2	NA	match	chr16	83808076	83809423	truthset0416	0	+	83808076	83809423	0,0,0	3	45,67,119,	0,603,1228,
truthset0417	PE1	1	1	1	0	3	2	1	1	1	2	0	0	2	2	3	2	NA	match	chr1	27666380	27669314	truthset0417	0	-	27666380	27669314	0,0,0	4	95,150,78,70,	0,1845,2077,2864,
truthset0418	PE1	2	1	2	1	3	3	3	2	2	0	2	2	3	3	3	2	missing M	match	chr2	197500436	197503259	truthset0418	0	+	197500436	197503259	0,0,0	4	3,165,90,51,	0,637,2602,2772,
truthset0419	PE1	2	2	2	2	3	2	3	2	3	2	1	1	3	2	3	2	NA	match	chr1	23558959	23559426	truthset0419	0	-	23558959	23559426	0,0,0	2	60,300,	0,167,
truthset0420	PE1	3	0	0	2	3	0	0	1	3	0	0	1	3	0	0	1	NA	match	chr1	204190483	204192876	truthset0420	0	-	204190483	204192876	0,0,0	2	314,103,	0,2290,
truthset0421	PE1	3	0	0	2	3	0	0	2	3	0	0	3	3	0	0	3	NA	good signal no call	chr15	29730712	29730985	truthset0421	0	+	29730712	29730985	0,0,0	1	273,	0,
truthset0422	PE1	3	3	3	3	3	2	2	2	2	2	2	2	2	2	2	2	NA	match	chrX	154477943	154478915	truthset0422	0	-	154477943	154478915	0,0,0	3	115,129,188,	0,339,784,
truthset0423	PE1	3	0	0	3	3	0	0	2	2	0	0	2	3	0	0	2	missing M	match	chr22	37570262	37579905	truthset0423	0	-	37570262	37579905	0,0,0	4	150,160,83,6,	0,313,1586,9637,
truthset0425	PE1	2	3	1	1	3	2	1	2	1	2	0	0	2	2	2	2	NA	variant	chr6	138404495	138413078	truthset0425	0	+	138404495	138413078	0,0,0	4	102,136,181,199,	0,649,1475,8384,
truthset0427	PE1	1	1	0	1	2	1	0	0	1	1	0	0	2	2	0	2	NA	variant	chr9	86266042	86282458	truthset0427	0	-	86266042	86282458	0,0,0	4	149,106,54,81,	0,5964,8146,16335,
truthset0428	PE1	3	3	3	3	3	2	3	2	3	3	3	2	3	2	2	2	NA	match	chr12	66123839	66129106	truthset0428	0	-	66123839	66129106	0,0,0	2	179,211,	0,5056,
truthset0430	PE1	1	1	1	1	3	2	1	2	1	2	0	0	2	2	1	2	NA	match	chr8	38163669	38176320	truthset0430	0	-	38163669	38176320	0,0,0	4	171,116,69,46,	0,6132,8295,12605,
truthset0432	PE1	2	2	1	2	3	3	3	2	1	1	1	1	3	3	3	2	NA	match	chr1	53227044	53238448	truthset0432	0	-	53227044	53238448	0,0,0	5	100,83,111,59,88,	0,1827,6497,8532,11316,
truthset0433	PE1	3	3	3	2	3	3	3	2	3	3	3	1	3	3	3	2	NA	match	chr12	10606274	10613532	truthset0433	0	-	10606274	10613532	0,0,0	5	100,83,111,59,94,	0,1579,3556,4347,7164,
truthset0435	PE1	3	3	3	3	3	2	2	2	2	3	3	2	2	2	3	2	NA	match	chr5	6372502	6378483	truthset0435	0	-	6372502	6378483	0,0,0	4	99,103,84,122,	0,1821,4663,5859,
truthset0483	dORF (shortstop)	1	0	0	1	1	0	0	1	0	0	0	0	1	0	0	1	2 callers in 2 samples	match	chr10	69571729	69572092	truthset0483	0	-	69571729	69572092	0,0,0	1	363,	0,
truthset0670	dORF (shortstop)	1	0	0	1	2	0	0	2	2	0	0	0	0	0	0	0	2 callers in 32 samples	match	chr2	14635182	14635482	truthset0670	0	+	14635182	14635482	0,0,0	1	300,	0,
truthset0726	dORF (shortstop)	1	0	0	1	2	1	0	2	2	0	0	1	0	0	0	0	not a dORF, 2 callers in 3 samples	match	chr22	30971336	30973012	truthset0726	0	+	30971336	30973012	0,0,0	2	274,158,	0,1518,
truthset0886	uORF (shortstop)	0	0	0	0	0	0	0	0	0	0	0	0	0	0	0	0	NA	low signal no call	chr1	2566474	2569091	truthset0886	0	+	2566474	2569091	0,0,0	3	131,189,115,	0,1391,2502,
truthset0887	uORF (shortstop)	0	0	0	0	0	0	0	0	0	0	0	0	0	0	0	0	NA	low signal no call	chr1	3745877	3746523	truthset0887	0	-	3745877	3746523	0,0,0	2	309,87,	0,559,
truthset0888	uORF (shortstop)	3	0	0	0	2	0	0	0	3	0	0	0	1	0	0	0	NA	good signal no call	chr1	11655337	11655580	truthset0888	0	+	11655337	11655580	0,0,0	1	243,	0,
truthset0889	uORF (shortstop)	0	0	0	0	0	0	0	0	0	0	0	0	0	0	0	0	NA	low signal no call	chr1	23779369	23779690	truthset0889	0	+	23779369	23779690	0,0,0	1	321,	0,
truthset0890	uORF (shortstop)	3	3	0	3	2	2	0	2	3	3	0	3	3	3	0	2	2 callers 52 samples	match	chr1	89821052	89821259	truthset0890	0	+	89821052	89821259	0,0,0	1	207,	0,
truthset0891	uORF (shortstop)	3	1	0	1	2	1	0	1	3	3	1	1	3	0	0	0	2 callers 25 samples, short stretch to main ORF	match	chr1	100352596	100352953	truthset0891	0	+	100352596	100352953	0,0,0	1	357,	0,
truthset0892	uORF (shortstop)	1	0	0	1	1	0	0	1	2	0	0	1	0	0	0	0	2 callers 6 samples	match	chr1	111988874	111989147	truthset0892	0	-	111988874	111989147	0,0,0	1	273,	0,
truthset0893	uORF (shortstop)	0	0	0	0	0	0	0	0	0	0	0	0	0	0	0	0	NA	low signal no call	chr1	115843795	115843903	truthset0893	0	-	115843795	115843903	0,0,0	1	108,	0,
truthset0894	uORF (shortstop)	0	0	0	0	0	0	0	0	0	0	0	0	0	0	0	0	2 callers 15 samples	match	chr1	153963134	153963464	truthset0894	0	-	153963134	153963464	0,0,0	1	330,	0,
truthset0895	uORF (shortstop)	1	0	0	0	2	0	0	0	0	0	0	0	0	0	0	0	2 callers 4 samples	match	chr1	158999975	159000215	truthset0895	0	+	158999975	159000215	0,0,0	1	240,	0,
truthset0897	uORF (shortstop)	2	0	0	0	2	0	0	0	1	0	0	0	3	0	0	0	2 callers 3 samples	match	chr1	203128314	203129005	truthset0897	0	+	203128314	203129005	0,0,0	2	118,221,	0,470,
truthset0898	uORF (shortstop)	1	0	0	0	2	0	0	1	1	0	0	0	1	0	0	0	NA	variant	chr1	203797148	203797418	truthset0898	0	+	203797148	203797418	0,0,0	1	270,	0,
truthset0899	uORF (shortstop)	0	0	0	0	0	0	0	0	0	0	0	0	0	0	0	0	NA	low signal no call	chr1	211491952	211492144	truthset0899	0	-	211491952	211492144	0,0,0	1	192,	0,
truthset0900	uORF (shortstop)	0	0	0	0	0	0	0	0	0	0	0	0	0	0	0	0	NA	low signal no call	chr1	226309162	226309480	truthset0900	0	-	226309162	226309480	0,0,0	1	318,	0,
truthset0901	uORF (shortstop)	0	0	0	0	0	0	0	0	0	0	0	0	0	0	0	0	NA	low signal no call	chr1	235539704	235539836	truthset0901	0	-	235539704	235539836	0,0,0	1	132,	0,
truthset0902	uORF (shortstop)	0	0	0	0	0	0	0	0	0	0	0	0	0	0	0	0	NA	good signal no call	chr1	241831995	241832304	truthset0902	0	+	241831995	241832304	0,0,0	1	309,	0,
truthset0905	uORF (shortstop)	0	0	0	0	0	0	0	0	0	0	0	0	0	0	0	0	no stop, end of transcript	low signal no call	chr10	36521720	36521976	truthset0905	0	-	36521720	36521976	0,0,0	1	256,	0,
truthset0906	uORF (shortstop)	0	0	0	0	0	0	0	0	0	0	0	0	0	0	0	0	NA	low signal no call	chr10	37795311	37795701	truthset0906	0	-	37795311	37795701	0,0,0	1	390,	0,
truthset0907	uORF (shortstop)	2	0	0	0	1	0	0	0	2	0	0	0	0	0	0	0	NA	match	chr10	114043871	114044024	truthset0907	0	+	114043871	114044024	0,0,0	1	153,	0,
truthset0908	uORF (shortstop)	1	0	0	1	2	0	0	1	0	0	0	0	3	0	0	2	NA	variant	chr10	122855728	122879636	truthset0908	0	-	122855728	122879636	0,0,0	2	58,152,	0,23756,
truthset0909	uORF (shortstop)	1	0	0	1	2	0	0	1	1	0	0	1	0	0	0	0	2 callers 2 samples (uoORF)	match	chr11	369519	369822	truthset0909	0	+	369519	369822	0,0,0	1	303,	0,
truthset0910	uORF (shortstop)	0	0	0	0	0	0	0	0	0	0	0	0	0	0	0	0	NA	low signal no call	chr11	502878	503199	truthset0910	0	-	502878	503199	0,0,0	1	321,	0,
truthset0911	uORF (shortstop)	0	0	0	0	0	0	0	0	0	0	0	0	0	0	0	0	no stop, end of transcript	low signal no call	chr11	9095579	9095888	truthset0911	0	+	9095579	9095888	0,0,0	1	309,	0,
truthset0912	uORF (shortstop)	0	0	0	0	0	0	0	0	0	0	0	0	0	0	0	0	NA	low signal no call	chr11	13756175	13756771	truthset0912	0	+	13756175	13756771	0,0,0	2	200,64,	0,532,
truthset0913	uORF (shortstop)	1	1	1	1	2	2	1	2	3	2	2	3	0	0	0	0	2 callers 1 sample (uoORF)	variant	chr11	57426053	57427117	truthset0913	0	-	57426053	57427117	0,0,0	3	299,65,56,	0,534,1008,
truthset0914	uORF (shortstop)	0	0	0	0	0	0	0	0	0	0	0	0	0	0	0	0	NA	low signal no call	chr11	67006790	67006916	truthset0914	0	+	67006790	67006916	0,0,0	1	126,	0,
truthset0915	uORF (shortstop)	0	0	0	0	0	0	0	0	0	0	0	0	0	0	0	0	NA	low signal no call	chr11	69737406	69737859	truthset0915	0	-	69737406	69737859	0,0,0	1	453,	0,
truthset0916	uORF (shortstop)	2	2	0	1	2	1	0	1	3	3	3	3	2	1	0	0	uoORF	good signal no call	chr11	94128857	94129160	truthset0916	0	+	94128857	94129160	0,0,0	1	303,	0,
truthset0917	uORF (shortstop)	0	0	0	0	0	0	0	0	0	0	0	0	0	0	0	0	NA	low signal no call	chr11	94305614	94305770	truthset0917	0	+	94305614	94305770	0,0,0	1	156,	0,
truthset0918	uORF (shortstop)	0	0	0	0	0	0	0	0	0	0	0	0	0	0	0	0	NA	low signal no call	chr11	112074100	112074283	truthset0918	0	+	112074100	112074283	0,0,0	1	183,	0,
truthset0920	uORF (shortstop)	1	0	0	0	0	0	0	0	0	0	0	0	0	0	0	0	2 callers 1 sample	match	chr12	4538806	4538908	truthset0920	0	+	4538806	4538908	0,0,0	1	102,	0,
truthset0921	uORF (shortstop)	1	0	0	0	1	0	0	0	2	0	0	0	0	0	0	0	NA	good signal no call	chr12	8513517	8513685	truthset0921	0	+	8513517	8513685	0,0,0	1	168,	0,
truthset0922	uORF (shortstop)	1	1	0	1	2	1	0	2	3	2	0	2	0	0	1	0	uoORF	variant	chr12	11649706	11650135	truthset0922	0	+	11649706	11650135	0,0,0	1	429,	0,
truthset0923	uORF (shortstop)	0	0	0	0	0	0	0	0	0	0	0	0	0	0	0	0	NA	low signal no call	chr12	25435853	25436126	truthset0923	0	-	25435853	25436126	0,0,0	1	273,	0,
truthset0927	uORF (shortstop)	1	0	0	0	1	0	0	0	1	0	1	1	0	0	0	0	NA	low signal no call	chr12	49366909	49367350	truthset0927	0	+	49366909	49367350	0,0,0	1	441,	0,
truthset0935	uORF (shortstop)	2	0	0	0	2	0	0	0	2	0	0	0	1	0	0	0	2 callers 1 sample	match	chr12	93572155	93572347	truthset0935	0	+	93572155	93572347	0,0,0	1	192,	0,
truthset0940	uORF (shortstop)	2	2	1	1	3	2	2	2	2	3	1	2	0	1	2	1	2 callers 5 samples - maybe good for uORF?	match	chr13	29553791	29595679	truthset0940	0	-	29553791	29595679	0,0,0	2	69,264,	0,41624,
truthset0954	uORF (shortstop)	2	0	0	0	2	0	0	1	2	0	0	0	1	0	0	0	2 callers 6 samples - maybe good for uORF?	match	chr15	66702254	66702533	truthset0954	0	+	66702254	66702533	0,0,0	1	279,	0,
truthset0960	uORF (shortstop)	2	0	0	0	2	0	0	0	2	0	0	0	1	0	0	0	2 callers 6 samples - maybe good for uORF?	match	chr16	19410553	19430630	truthset0960	0	+	19410553	19430630	0,0,0	2	220,218,	0,19859,
truthset0964	uORF (shortstop)	3	2	0	3	2	2	0	2	2	2	3	3	1	1	0	2	2 callers 3 samples - good for uORF	match	chr16	28292533	28292686	truthset0964	0	+	28292533	28292686	0,0,0	1	153,	0,
truthset0974	uORF (shortstop)	3	3	3	3	3	2	2	2	3	3	3	3	1	2	0	0	2 callers 18 samples - good for uORF	match	chr17	2593954	2638189	truthset0974	0	+	2593954	2638189	0,0,0	3	52,205,91,	0,19703,44144,
truthset0975	uORF (shortstop)	2	0	0	1	2	0	0	1	3	2	0	1	1	0	0	0	2 callers 36 samples - good for uORF	match	chr17	3636479	3637243	truthset0975	0	+	3636479	3637243	0,0,0	2	229,137,	0,627,
truthset0985	uORF (shortstop)	0	0	0	0	2	1	0	2	0	1	0	0	0	0	0	0	2 callers 3 samples (uoORF)	match	chr17	44805677	44830131	truthset0985	0	-	44805677	44830131	0,0,0	3	160,76,70,	0,1716,24384,
truthset0987	uORF (shortstop)	2	0	0	2	2	0	0	2	3	0	0	2	0	0	0	0	2 callers 2 samples (uoORF) - maybe for uORF?	match	chr17	59331678	59353416	truthset0987	0	+	59331678	59353416	0,0,0	2	146,202,	0,21536,
truthset0991	uORF (shortstop)	2	1	0	1	2	1	0	2	2	0	0	0	0	0	0	0	2 callers 10 samples - maybe for uORF	match	chr17	82418361	82419798	truthset0991	0	+	82418361	82419798	0,0,0	2	379,50,	0,1387,
truthset1030	uORF (shortstop)	2	0	0	2	2	0	0	1	1	0	0	1	1	0	0	1	2 callers 6 samples	match	chr20	8132302	8132749	truthset1030	0	+	8132302	8132749	0,0,0	1	447,	0,
truthset1040	uORF (shortstop)	2	1	0	1	3	1	0	2	3	3	1	1	1	0	0	0	2 callers 7 samples (uoORF)	match	chr22	50290462	50307627	truthset1040	0	-	50290462	50307627	0,0,0	2	135,75,	0,17090,
truthset1043	uORF (shortstop)	2	0	0	1	2	0	0	1	3	1	2	2	0	0	0	0	2 callers 1 sample (uoORF)	match	chr3	43286585	43303336	truthset1043	0	+	43286585	43303336	0,0,0	4	90,50,62,239,	0,3154,13168,16512,
truthset1052	uORF (shortstop)	2	1	0	1	2	1	0	2	2	2	0	2	1	0	0	1	2 callers 9 samples	match	chr3	136196199	136196331	truthset1052	0	-	136196199	136196331	0,0,0	1	132,	0,
truthset1057	uORF (shortstop)	1	0	0	0	2	0	0	1	2	2	0	0	0	0	0	0	2 callers 1 sample (uoORF)	match	chr4	30721175	30721610	truthset1057	0	+	30721175	30721610	0,0,0	1	435,	0,
truthset1061	uORF (shortstop)	1	1	0	1	2	2	1	2	3	2	1	3	1	0	0	0	2 callers 57 samples (likely wrong transcript)	match	chr5	6633524	6644888	truthset1061	0	+	6633524	6644888	0,0,0	2	345,81,	0,11283,
truthset1083	uORF (shortstop)	2	0	0	1	2	0	0	1	3	0	0	2	1	0	0	1	2 callers 2 samples	match	chr7	92057696	92057930	truthset1083	0	+	92057696	92057930	0,0,0	1	234,	0,
truthset1086	uORF (shortstop)	3	2	0	2	2	1	1	2	2	2	0	2	1	0	0	0	2 callers 13 samples	match	chr8	28701519	28701648	truthset1086	0	+	28701519	28701648	0,0,0	1	129,	0,
truthset1092	uORF (shortstop)	3	3	0	2	3	2	1	2	3	1	0	2	3	3	0	2	2 callers 58 samples (uoORF)	match	chr8	144509076	144509445	truthset1092	0	+	144509076	144509445	0,0,0	1	369,	0,